name,ra,dec,priority,type
f_0,189.45360084784755,62.36984421460953,1,standard
f_1,189.46241584827953,62.36358473679849,1,standard
f_2,188.90234556247273,62.36399943583584,1,standard
f_3,188.91019078915647,62.352587917067034,1,standard